,주소,위도,경도,전화번호,재학생 수,남학생 수,여학생 수,홈페이지,계열
거제제일고등학교,경상남도 거제시 거제면 읍내로13길 22-5,34.8519719382777,128.586799629528,055-633-3101,674명,355명,319명,http://geojejeil-h.gne.go.kr/,일반계 
김해고등학교,경상남도 김해시 활천로24번길 29,35.2313933541974,128.896080879658,055-335-3306,618명,618명,0명,http://gimhae-h.gne.go.kr/,일반계 
삼천포중앙고등학교,경상남도 사천시 삼상로 145,34.9397418584784,128.089862085081,055-833-2716,314명,180명,134명,http://scpjungang-h.gne.go.kr,일반계 
웅상고등학교,경상남도 양산시 배움터길 36,35.3781486727198,129.145038841883,055-367-8541,793명,395명,398명,http://ungsang-h.gne.go.kr,일반계 
범어고등학교,경상남도 양산시 물금읍 신주로 88,35.3297183526478,129.018472823442,055-364-6740,1007명,459명,548명,http://beomeo-h.gne.go.kr,일반계 
경상남도 한일여자고등학교,경상북도 김천시 한일길 11-30,36.1377403479595,128.095843776917,054-431-7008,377명,0명,377명,http://school.gyo6.net/hanilhs,공업계 공업계 공업계 
신반정보고등학교,경상남도 의령군 부림면 한지28길 8,35.4642612349672,128.319688846585,055-574-6414,35명,28명,7명,http://sinban-h.gne.go.kr,상업계 
경남자동차고등학교,경상남도 진주시 진산로 378,35.2194351637258,128.101536073334,055-758-6714,327명,327명,0명,http://gnautomobile-h.gne.go.kr/,공업계 
하동여자고등학교,경상남도 하동군 하동읍 송림1길 30,35.0627987193915,127.747230488174,055-883-4654,134명,0명,134명,http://hanmaum-h.gne.go.kr,일반계 
양산여자고등학교,경상남도 양산시 교동1길 21,35.3445559166984,129.025086059702,055-384-2415,994명,0명,994명,http://yangsan-g-h.gne.go.kr,상업계  | 일반계 
남해정보산업고등학교,경상남도 남해군 고현면 탑동로 46,34.897069731787,127.873978538293,055-862-3123,69명,36명,33명,http://namhaei-h.gne.go.kr/,농업계  | 상업계 
함양제일고등학교,경상남도 함양군 함양읍 함양배움길 27,35.5252521591836,127.732376677696,055-963-2488,298명,160명,138명,http://hamyangjeil-h.gne.go.kr/,공업계  | 농업계  | 상업계  | 전문계 
거창대성고등학교,경상남도 거창군 거창읍 거열로 81,35.6903264720698,127.904022369134,055-943-6816,458명,458명,0명,http://gcdaeseong-h.gne.go.kr/,일반계 
야로고등학교,경상남도 합천군 야로면 역산길 13,35.7032431448459,128.169723246835,055-932-6785,68명,34명,34명,http://yaro-h.gne.go.kr,일반계 
창원여자고등학교,경상남도 창원시 성산구 두대로 153,35.2278895605022,128.661226194879,055-260-1900,556명,0명,556명,http://cwyeo-h.gne.go.kr,일반계 
경상남도 영산고등학교,전라남도 나주시 영강길 32,35.0089409279041,126.713941866406,061-332-4812,222명,122명,100명,http://yeongsan.hs.jne.kr,상업계  | 일반계 
신등고등학교,경상남도 산청군 신등면 신등가회로 125,35.3884618653624,128.013066406181,055-973-7724,21명,12명,9명,http://sindeung-mh.gne.go.kr/,일반계 
창원기계공업고등학교,경상남도 창원시 성산구 두대로 219,35.2260637407062,128.666518608876,055-282-5081,980명,957명,23명,http://yongzi-h.gne.go.kr,공업계 
경남항공고등학교,경상남도 고성군 고성읍 송학고분로 127,34.9785335778621,128.307388879352,055-673-4564,390명,366명,24명,http://hanggong-h.gne.go.kr/,공업계 
남해제일고등학교,경상남도 남해군 남해읍 남해대로 2800-11,34.8392638643409,127.902439949009,055-862-0168,329명,158명,171명,http://namhae11-h.gne.go.kr/,일반계 
양산제일고등학교,경상남도 양산시 회현1길 36,35.3445999186343,129.023799031436,055-387-7897,793명,377명,416명,http://ysjeil-h.gne.go.kr,일반계 
진양고등학교,경상남도 진주시 충의로100번길 12,35.1758160065726,128.152119185535,055-761-4011,623명,347명,276명,http://jinyang-h.gne.go.kr/,일반계 
김해생명과학고등학교,경상남도 김해시 금관대로 1239,35.2372389782724,128.855270170645,055-720-0000,467명,330명,137명,http://kimhae-agh-h.gne.go.kr,농업계 
창원경일고등학교,경상남도 창원시 성산구 두대로 165,35.2265865699855,128.661213359055,055-285-0450,550명,550명,0명,http://gyeongil-h.gne.go.kr/,일반계 
김해수남고등학교,경상남도 김해시 율하로 381,35.168250344381,128.816494912113,055-724-9350,978명,460명,518명,http://ghsunam-h.gne.go.kr/,일반계 
경남과학고등학교,경상남도 진주시 진성면 진의로 178-22,35.2016380516945,128.225312464219,055-759-4003,267명,213명,54명,http://gshs-h.gne.go.kr/,과학계 
거제고등학교,경상남도 거제시 아주로3길 61,34.8610875931935,128.688426101367,055-681-2647,807명,394명,413명,http://www.geoje.hs.kr,일반계 
경남해양과학고등학교,경상남도 남해군 삼동면 동부대로 1810,34.8308978742321,128.004177015397,055-867-0005,60명,60명,0명,http://gnms-h.gne.go.kr/,수산해양계 
단성고등학교,경상남도 산청군 단성면 강누방목로 2,35.306322889172,127.964302293712,055-973-6380,99명,53명,46명,http://danseong-h.gne.go.kr,공업계  | 일반계 
경남관광고등학교,경상남도 창원시 의창구 사림로29번길 12,35.2485498931526,128.675262797463,055-277-6871,577명,275명,302명,http://gntour-h.gne.go.kr/,가사계  | 상업계 
진주중앙고등학교,경상남도 진주시 하대로 59,35.1940098560428,128.119014158396,055-754-0378,566명,312명,254명,http://jjja-h.gne.go.kr,일반계 
진해중앙고등학교,경상남도 창원시 진해구 병암북로 9,35.1616317053989,128.689397121305,055-542-3303,633명,633명,0명,http://jhja-h.gne.go.kr,상업계  | 일반계 
경상남도 덕산고등학교,경기도 부천시 오정로266번길 69,37.5307917903283,126.789920196298,070-7094-1508,580명,311명,269명,http://www.duksan-h.hs.kr,일반계 
창원신월고등학교,경상남도 창원시 성산구 신월로 66,35.2268377252433,128.693671883358,055-262-1265,564명,287명,277명,http://cwsinwol-h.gne.go.kr/,일반계 
진서고등학교,경상남도 진주시 수곡면 옥수로 625,35.1981312504391,127.927502886143,055-754-5039,13명,4명,9명,http://jinseo-m.gne.go.kr,일반계 
경상남도 세종고등학교,경기도 여주시 청심로 221,37.2954934476973,127.646279063047,031-883-1120,513명,236명,277명,https://se-jong-h.goeyj.kr,일반계 
경남전자고등학교,경상남도 창원시 마산합포구 노산북6길 63,35.2150738159739,128.573381203073,055-246-7183,151명,151명,0명,http://kyeongnam-el-h.gne.go.kr,공업계 
의령여자고등학교,경상남도 의령군 가례면 의병로 67,35.3241617419833,128.24536466054,055-573-2483,180명,0명,180명,http://uryeo-h.gne.go.kr/,일반계  | 통합계 
창원남산고등학교,경상남도 창원시 성산구 가음로92번길 34,35.2034768863412,128.700299729442,055-268-0917,567명,295명,272명,http://cwnamsan-h.gne.go.kr/,일반계 
창신고등학교,경상남도 창원시 마산회원구 봉덕2길 106,35.2259412027856,128.597554549774,055-290-2812,486명,486명,0명,http://changshin-h.gne.go.kr/,일반계 
경상남도 웅천고등학교,충청남도 보령시 웅천읍 방축길 87,36.2344679062422,126.604144680783,041-931-7463,181명,120명,61명,http://www.uc.cnehs.kr,공업계  | 일반계 
양산고등학교,경상남도 양산시 호국학도병길 2,35.3486625636321,129.044555087801,055-384-9502,894명,894명,0명,http://www.yangsan-h.gne.go.kr,일반계 
경상남도 동원고등학교,경기도 수원시 장안구 장안로 426-1,37.3198190090964,126.982403493322,031-259-4000,855명,855명,0명,http://www.dongwon.hs.kr,상업계  | 일반계 
충무고등학교,경상남도 통영시 여황로 375,34.8540268503364,128.424261789301,055-642-9102,459명,287명,172명,http://chungmu-h.gne.go.kr/,일반계 
경상남도 용남고등학교,충청남도 계룡시 신도안면 신도안1길 32,36.2942414323747,127.244373104333,042-717-2100,816명,391명,425명,http://yongnam.cnehs.kr,일반계 
창원명지여자고등학교,경상남도 창원시 의창구 명지로109번길 54,35.251846702575,128.648926140934,055-270-2200,574명,0명,574명,http://cwmjyeo-h.gne.go.kr,일반계 
남지고등학교,경상남도 창녕군 남지읍 남고길 11,35.3864698488024,128.472249036351,055-526-2010,325명,169명,156명,http://namji-h.gne.go.kr/,일반계 
창원중앙고등학교,경상남도 창원시 성산구 용호로 16,35.2318634188245,128.677999454169,055-239-3100,637명,637명,0명,http://cwjungang-h.gne.go.kr,일반계 
통영고등학교,경상남도 통영시 도남로 116,34.8295473421071,128.416198016185,055-646-3301,794명,794명,0명,http://tongyeong-h.gne.go.kr,일반계 
거창중앙고등학교,경상남도 거창군 거창읍 성산길 36,35.6930826295593,127.902909247685,055-942-3921,444명,234명,210명,http://gcjoongang-h.gne.go.kr/,상업계  | 일반계 
거창연극고등학교,경상남도 거창군 위천면 모동길 11-15,35.7560031290459,127.83436584898,055-945-5010,78명,31명,47명,http://gths-h.gne.go.kr,대안  | 일반계 
진영고등학교,경상남도 김해시 진영읍 여래로20번길 35,35.304767715615,128.730004720208,055-344-2700,585명,283명,302명,http://jinyoung-h.gne.go.kr/,일반계 
김해삼문고등학교,경상남도 김해시 번화1로 127,35.1986298205938,128.796661767766,055-312-0157,1052명,497명,555명,http://sammoon-h.gne.go.kr,일반계 
마산고등학교부설방송통신고등학교,경상남도 창원시 마산합포구 심온길 33,35.2005528781468,128.56165406265,055-240-3591,305명,41명,264명,http://cyber.hs.kr/masan/,일반계 
밀양영화고등학교,경상남도 밀양시 상남면 평촌중앙로 61-6,35.4096586962052,128.778113799018,055-356-7307,72명,32명,40명,http://myyeonghwa-h.gne.go.kr,일반계 
간디고등학교,경상남도 산청군 신안면 둔철산로 210,35.3584995592257,127.944591875878,055-973-8124,98명,49명,49명,http://gandhi-h.gne.go.kr,대안  | 일반계 
창원문성고등학교,경상남도 창원시 성산구 원이대로 406,35.2356856577499,128.660267954484,055-270-6520,615명,261명,354명,http://cms-h.gne.go.kr/,일반계 
합천평화고등학교,경상남도 합천군 적중면 황정1길 37,35.5399597006564,128.284316866203,055-933-2019,57명,31명,26명,http://hcpyeonghwa-h.gne.go.kr/,대안  | 일반계 
경상남도 영진고등학교,대구광역시 북구 동북로57길 9,35.8945239736684,128.621770476547,053-235-5500,528명,528명,0명,http://www.yeungjin.hs.kr,일반계 
함안고등학교,경상남도 함안군 가야읍 함안대로 630,35.2821326818366,128.403305145623,055-582-2581,397명,224명,173명,http://haman-h.gne.go.kr,농업계  | 일반계 
통영잠포학교,경상남도 통영시 도산면 도산일주로 1705,34.8806818517531,128.358040288566,055-646-9893,99명,0명,0명,http://tyjampo-s.gne.go.kr,일반계 
경남정보고등학교,경상남도 진주시 가호방아길 32,35.1578873292449,128.116816258116,055-761-8061,208명,155명,53명,http://kninfo-h.gne.go.kr/,상업계 
창원중앙여자고등학교,경상남도 창원시 성산구 단정로 121,35.2142531567645,128.692425901257,055-210-3114,444명,0명,444명,http://cwjag-h.gne.go.kr,일반계 
대성일고등학교,경상남도 거창군 거창읍 거열로7길 57,35.6910833838131,127.900360575893,055-943-6823,312명,176명,136명,http://kcds-h.gne.go.kr,상업계  | 일반계 
철성고등학교,경상남도 고성군 고성읍 대가로 12,34.9840664224306,128.320164576559,055-674-7601,267명,132명,135명,http://cheolseong-h.gne.go.kr/,일반계 
경상남도 경상고등학교,대구광역시 북구 공항로15길 24,35.901899175988,128.621533973775,053-235-6011,624명,624명,0명,http://www.kyungsang.or.kr,일반계 
진주고등학교,경상남도 진주시 의곡길 29,35.2000965354561,128.080235135137,055-741-2611,553명,553명,0명,http://jinju-h.gne.go.kr/,일반계 
양산희망학교,경상남도 양산시 상북면 충렬로 993-25,35.4276181196322,129.059915561199,055-374-3710,200명,0명,0명,http://huimang-s.gne.go.kr/,일반계 
진주제일여자고등학교,경상남도 진주시 하대로34번길 11-9,35.1906552527563,128.114310474051,055-755-0772,681명,0명,681명,http://jjfirst-h.gne.go.kr,일반계 
거제중앙고등학교,경상남도 거제시 중곡로2길 61,34.8928558087942,128.637235165959,055-632-8660,1012명,524명,488명,http://gjjungang-h.gne.go.kr,일반계 
창원과학고등학교,경상남도 창원시 의창구 평산로159번길 30,35.256764396981,128.619833944625,055-711-2300,209명,159명,50명,http://csh-h.gne.go.kr,과학계 
경남체육고등학교,경상남도 진주시 진성면 진의로 178-27,35.2036999104918,128.22160295246,055-759-4229,240명,158명,82명,http://chego-h.gne.go.kr/,체육계 
합천고등학교,경상남도 합천군 합천읍 교동3길 12,35.5633020073674,128.167899557282,055-934-2570,181명,181명,0명,http://hapcheon-h.gne.go.kr,농업계  | 일반계 
김해금곡고등학교,경상남도 김해시 한림면 금곡로182번길 43,35.3448582914948,128.812160619982,055-901-1000,38명,18명,20명,http://kgrb-h.gne.go.kr/,일반계 
진해용원고등학교,경상남도 창원시 진해구 용재로77번길 8,35.1014406602207,128.819449842833,055-541-1171,638명,303명,335명,http://yongwon-h.gne.go.kr,일반계 
마산가포고등학교,경상남도 창원시 마산합포구 가포로 262,35.167490215805,128.571168595676,055-240-3602,407명,273명,134명,http://msgapo-h.gne.go.kr,일반계 
김해한일여자고등학교,경상남도 김해시 삼안로112번길 1,35.2392419467032,128.91667558506,1600-6992,405명,0명,405명,http://khanil-h.gne.go.kr/,상업계 
보광고등학교,경상남도 양산시 하북면 신평로 46,35.4918679846393,129.0873186904,055-382-6650,338명,194명,144명,http://bokwang-h.gne.go.kr,일반계 
창원경일여자고등학교,경상남도 창원시 성산구 두대로 163,35.2273146732954,128.66248611227,055-274-0040,422명,0명,422명,http://cwgyeongilg-h.gne.go.kr,일반계 
한국과학기술고등학교,경상남도 창녕군 고암면 창밀로 286,35.5676311637415,128.508578614898,055-533-1889,136명,121명,15명,http://ksths-h.gne.go.kr,공업계 
경남로봇고등학교,경상남도 함안군 대산면 대산중앙로 102-2,35.3479569296829,128.439220572367,055-582-8007,120명,65명,55명,http://www.gr.hs.kr,공업계  | 상업계  | 일반계 
김해중앙여자고등학교,경상남도 김해시 분성로376번길 21-22,35.2326007789329,128.888617262693,055-324-2724,362명,0명,362명,http://ghja-h.gne.go.kr/,일반계 
연초고등학교,경상남도 거제시 연초면 연사1길 40,34.9141619755733,128.646381185422,055-636-9804,917명,456명,461명,http://yeoncho-h.gne.go.kr,일반계 
마산내서여자고등학교,경상남도 창원시 마산회원구 내서읍 삼풍로 133,35.2372906222591,128.502866678048,055-231-7300,673명,0명,673명,http://msnsg-h.gne.go.kr/,일반계 
서창고등학교,경상남도 양산시 삼호동부로 125,35.4141721719491,129.17439463132,055-785-2501,936명,472명,464명,http://sc-h.gne.go.kr/,일반계 
김해외국어고등학교,경상남도 김해시 율하로 266,35.1708112832557,128.80448835912,055-312-1280,379명,74명,305명,http://gimfl-h.gne.go.kr,외국어계  | 일반계 
진해여자고등학교,경상남도 창원시 진해구 여좌남로 23,35.1563022977092,128.657512286037,055-541-6911,766명,0명,766명,http://jinhaegirls-h.gne.go.kr/,일반계 
함양고등학교,경상남도 함양군 함양읍 함양로 1063,35.5144596264724,127.722685577017,055-963-3201,313명,174명,139명,http://hamyang-h.gne.go.kr,일반계 
남해고등학교,경상남도 남해군 이동면 무림로 46-2,34.8028004626672,127.951543024378,055-862-4521,226명,125명,101명,http://www.namhae.hs.kr,일반계 
창원동백학교,경상남도 창원시 마산합포구 구산면 반동길 370,35.0734101391551,128.583758564111,055-223-2900,80명,0명,0명,http://dongbaek-s.gne.go.kr,일반계 
진주여자고등학교,경상남도 진주시 창렬로 185,35.2011484686855,128.076771617458,055-749-3410,617명,0명,617명,http://ilsin-h.gne.go.kr,일반계 
마산고등학교,경상남도 창원시 마산합포구 심온길 33,35.2005528781468,128.56165406265,055-240-3500,519명,519명,0명,http://masan-h.gne.go.kr,일반계 
아림고등학교,경상남도 거창군 거창읍 정장길 19,35.6776769011647,127.913295922276,055-942-3711,194명,96명,98명,http://arim-h.gne.go.kr,공업계  | 농업계  | 일반계 
창녕여자고등학교,경상남도 창녕군 창녕읍 신당길 30,35.5403975687255,128.505341183232,055-532-1331,216명,0명,216명,http://changnyeongyeo-h.gne.go.kr/,가사실업계  | 상업계  | 일반계 
창원봉림고등학교,경상남도 창원시 의창구 창이대로333번길 39,35.2483589527865,128.676464476886,055-710-8222,466명,234명,232명,http://bongrim-h.gne.go.kr/,일반계 
경남혜림학교,경상남도 창원시 마산회원구 합성북2길 48,35.2432891045477,128.58054724022,055-290-4300,306명,0명,0명,http://hyerim-s.gne.go.kr,일반계 
김해율하고등학교,경상남도 김해시 율하1로 21,35.17410570015,128.806980454276,055-323-1909,1058명,554명,504명,http://gimhaeyulha-h.gne.go.kr,일반계 
마산여자고등학교,경상남도 창원시 마산합포구 고운로 157,35.1959383430221,128.561409708496,055-249-3300,506명,0명,506명,http://masanyeo-h.gne.go.kr/,일반계 
구산고등학교,경상남도 김해시 가야로 311,35.2504435908382,128.875669406317,055-310-7600,622명,315명,307명,http://gusan-h.gne.go.kr/,일반계 
효암고등학교,경상남도 양산시 서창로 144,35.4123956405804,129.16998747429,055-366-0021,758명,367명,391명,http://www.hyoam.hs.kr,상업계  | 일반계 
대아고등학교,경상남도 진주시 서장대로185번길 14,35.1899281873726,128.058388901858,055-746-0054,728명,728명,0명,http://daea-h.gne.go.kr/daea-h/main.do,일반계 
밀성고등학교,경상남도 밀양시 석정로 127,35.5015485342887,128.750923782839,055-354-3084,423명,209명,214명,http://milseong-h.gne.go.kr/,일반계 
김해대청고등학교,경상남도 김해시 번화1로 7,35.1879210181996,128.800517861807,055-310-5123,1044명,522명,522명,http://ghdaecheong-h.gne.go.kr/,일반계 
김해영운고등학교,경상남도 김해시 인제로284번길 33,35.2546746246872,128.905716773545,055-310-7300,566명,298명,268명,http://ghyeongun-h.gne.go.kr,일반계 
김해삼방고등학교,경상남도 김해시 신어산길 17,35.2553417806618,128.903025424847,055-312-8322,604명,309명,295명,http://ghsambang-h.gne.go.kr,일반계 
마산공업고등학교,경상남도 창원시 마산회원구 학교단지로 53,35.2441634463024,128.595963546134,055-255-1314,502명,502명,0명,http://magong-h.gne.go.kr,공업계 
마산중앙고등학교,경상남도 창원시 마산합포구 고운로 103,35.1919284909519,128.55842659206,055-246-9350,394명,394명,0명,http://msja-h.gne.go.kr,일반계 
진해고등학교,경상남도 창원시 진해구 여좌로 100,35.1608116244956,128.665178884498,055-546-2361,842명,842명,0명,http://jinhae-h.gne.go.kr/,일반계 
창원명곡고등학교,경상남도 창원시 의창구 서곡길25번길 16,35.2545664657582,128.648822472683,055-270-7900,472명,213명,259명,http://cwmg-h.gne.go.kr,일반계 
경남예술고등학교,경상남도 진주시 진산로322번길 11-7,35.2165460672919,128.103277543617,055-759-3712,284명,77명,207명,http://karts-h.gne.go.kr,예술계 
삼가고등학교,경상남도 합천군 삼가면 봉두길 5,35.4131367653631,128.131377427692,055-932-4695,65명,32명,33명,http://samga-h.gne.go.kr/samga-h/main.do,일반계 
삼천포여자고등학교,경상남도 사천시 삼상로 19,34.9345453558444,128.077701048261,055-833-1264,399명,0명,399명,http://samcheonpoyeo-h.gne.go.kr,상업계  | 일반계 
김해은혜학교,경상남도 김해시 화목로 180,35.1892551960029,128.866058944507,055-324-5540,290명,0명,0명,http://eunhye-s.gne.go.kr,일반계 
창원대산고등학교,경상남도 창원시 의창구 대산면 진산대로 378,35.3333445855717,128.710347424496,055-291-4331,473명,221명,252명,http://cwds-h.gne.go.kr,일반계 
마산제일여자고등학교,경상남도 창원시 마산합포구 고운로 65,35.1886431182834,128.556414445409,055-242-3421,521명,0명,521명,http://msjeil-h.gne.go.kr,일반계 
진교고등학교,경상남도 하동군 진교면 민다리길 179,35.0375299290297,127.897878656638,055-882-3164,89명,55명,34명,http://jingyo-h.gne.go.kr/,일반계 
지리산고등학교,경상남도 산청군 단성면 덕천로 772,35.2388991689754,127.89594089442,055-973-9723,35명,22명,13명,http://jirisan-h.gne.go.kr,대안  | 일반계 
경진고등학교,경상남도 진주시 의병로71번길 3-21,35.2004148715532,128.066356579587,055-746-1521,291명,149명,142명,http://gyeongjin-h.gne.go.kr,가사계  | 공업계 
김해경원고등학교,경상남도 김해시 우암로 18,35.2318563706783,128.861817165997,055-310-3200,655명,333명,322명,http://gwon-h.gne.go.kr/,일반계 
김해가야고등학교,경상남도 김해시 경원로 98,35.2362292607702,128.871079332959,055-330-1333,667명,338명,329명,http://ghgaya-h.gne.go.kr,일반계 
마산구암고등학교,경상남도 창원시 마산회원구 팔용로 220,35.2470659533563,128.596987424283,055-297-1393,412명,172명,240명,http://masanguam-h.gne.go.kr/,일반계 
창원토월고등학교,경상남도 창원시 성산구 비음로91번길 8,35.2257745182989,128.703639766126,055-210-0720,480명,237명,243명,http://towol-h.gne.go.kr/,일반계 
군북고등학교,경상남도 함안군 군북면 사군로 1558,35.259597572054,128.343533507993,055-585-5120,126명,66명,60명,http://gunbuk-h.gne.go.kr,일반계 
하동고등학교,경상남도 하동군 하동읍 경서대로 84,35.0639152667799,127.746168527208,055-883-3843,201명,201명,0명,http://hadong-h.gne.go.kr,공업계  | 일반계 
진주혜광학교,경상남도 진주시 문산읍 월아산로1048번길 36,35.1644845980257,128.168607518625,055-760-5100,223명,0명,0명,http://hyegwang-s.gne.go.kr,일반계 
창원공업고등학교,경상남도 창원시 의창구 사화로 410,35.2363112378544,128.643708560102,055-288-2864,428명,428명,0명,http://www.changwon-t.hs.kr,공업계 
마산용마고등학교,경상남도 창원시 마산합포구 허당로 51,35.2122838519552,128.582107501894,055-245-8071,473명,473명,0명,http://msyongma-h.gne.go.kr,일반계 
안의고등학교,경상남도 함양군 안의면 안의배움길 30,35.6310841440155,127.819862703751,055-962-0559,114명,49명,65명,http://anui-h.gne.go.kr,상업계  | 일반계 
창원고등학교,경상남도 창원시 의창구 태복산로 45,35.2552857661663,128.642705069512,055-237-0126,640명,640명,0명,http://changwon-h.gne.go.kr,일반계 
창원남고등학교,경상남도 창원시 성산구 창원대로 813,35.2139715595235,128.679749626138,055-289-6955,598명,598명,0명,http://cwnam-h.gne.go.kr,일반계 
밀성제일고등학교,경상남도 밀양시 밀양대로 2078,35.5021831770898,128.750144973574,055-353-5204,203명,0명,203명,http://msji-h.gne.go.kr/,가사실업계  | 상업계  | 예술계  | 일반계 
밀양동명고등학교,경상남도 밀양시 하남읍 동명길 14,35.3727006487523,128.713458715223,055-391-5388,209명,109명,100명,http://mdm-h.gne.go.kr,상업계  | 일반계 
창원예술학교,경상남도 창원시 마산회원구 구암북12길 24,35.256692201837,128.597700256786,055-252-9502,33명,14명,19명,http://cwarts-h.gne.go.kr,일반계 
경남자영고등학교,경상남도 사천시 정동면 옥산로 143,35.0784422921008,128.100412550682,055-855-0223,246명,129명,117명,http://gnjayeong-h.gne.go.kr,농업계 
창원천광학교,경상남도 창원시 성산구 원이대로878번길 20,35.2106818391821,128.692649127941,055-283-2997,238명,0명,0명,http://cheongwang-s.gne.go.kr/cheongwang-s/main.do,일반계 
칠원고등학교,경상남도 함안군 칠서면 삼칠로 281,35.3181927290868,128.507314800732,055-587-0088,349명,170명,179명,http://chirwon-h.gne.go.kr,일반계 
삼천포공업고등학교,경상남도 사천시 신항로 63,34.9342819724257,128.083973409746,055-834-8602,274명,270명,4명,http://samgong-h.gne.go.kr,공업계 
남해해성고등학교,경상남도 남해군 남면 남면로1835번길 8-4,34.7735764364937,127.860278182481,055-862-7723,272명,90명,182명,http://nhaesung-h.gne.go.kr/,일반계 
김해임호고등학교,경상남도 김해시 분성로3번길 77,35.2382686393143,128.852720108492,055-310-6300,490명,490명,0명,http://khimho-h.gne.go.kr/,일반계 
삼천포고등학교,경상남도 사천시 벌리6길 77,34.9427082511284,128.08481669409,055-835-4680,406명,406명,0명,http://samcheonpo-h.gne.go.kr,일반계 
한국나노마이스터고등학교,경상남도 밀양시 무안면 신법길 29,35.4784026027137,128.653177063061,055-352-7538,264명,221명,43명,http://nano-h.gne.go.kr/,공업계 
산청고등학교,경상남도 산청군 산청읍 웅석봉로86번길 9-12,35.4100168211844,127.871096164153,055-973-0781,328명,143명,185명,http://sancheong-h.gne.go.kr,일반계 
마산무학여자고등학교,경상남도 창원시 마산회원구 회원동33길 17,35.2230571649685,128.574876425867,055-241-3011,488명,0명,488명,http://muhak-g-h.gne.go.kr,상업계  | 상업계  | 일반계 
김해건설공업고등학교,경상남도 김해시 구지로 109,35.2395452761191,128.875926615277,055-340-7495,702명,670명,32명,http://ghgeonseol-h.gne.go.kr/,공업계 
창원성민여자고등학교,경상남도 창원시 의창구 팔용로 481,35.2588412928716,128.615113707806,055-251-6707,488명,0명,488명,http://sungmin-h.gne.go.kr/,일반계 
진주동명고등학교,경상남도 진주시 대신로 454-25,35.2025448243018,128.118939619607,055-752-4392,674명,674명,0명,http://jdmhs-h.gne.go.kr/,일반계 
서상고등학교,경상남도 함양군 서상면 서상로 232-1,35.6771045634292,127.689678766522,055-963-0305,19명,8명,11명,http://seosang-h.gne.go.kr/seosang-h/main.do,상업계  | 일반계 
거제애광학교,경상남도 거제시 거제대로 3063,34.8677481237786,128.721431759766,055-681-7527,140명,0명,0명,http://aikwang-s.gne.go.kr,일반계 
진주기계공업고등학교,경상남도 진주시 공단로43번길 25,35.1761886467829,128.101813920854,055-752-1801,519명,519명,0명,http://jinju-mt-h.gne.go.kr/,공업계 
충렬여자고등학교,경상남도 통영시 용남면 견내량로 70,34.8868877467241,128.465049182599,055-645-4050,455명,0명,455명,http://chungryol-h.gne.go.kr,상업계  | 일반계 
경상남도 대곡고등학교,대구광역시 달서구 도원남로 80,35.8032373605879,128.536857027982,053-231-5668,723명,307명,416명,http://www.dg.hs.kr/,일반계 
김해분성여자고등학교,경상남도 김해시 삼계로 171,35.2666238467743,128.873868698114,055-340-8600,569명,0명,569명,http://khbsg-h.gne.go.kr,일반계 
밀양여자고등학교,경상남도 밀양시 내일중앙길 10,35.4952119282651,128.75593452466,055-354-2106,290명,0명,290명,http://milyeogo-h.gne.go.kr/,일반계 
의령은광학교,경상남도 의령군 가례면 홍의로 236,35.3300769599294,128.225918543787,055-572-8436,65명,0명,0명,http://eungwang-s.gne.go.kr,일반계 
김해분성고등학교,경상남도 김해시 가야로147번길 29,35.2654778374898,128.874553443759,055-331-2150,641명,641명,0명,http://www.bunsung.hs.kr,일반계 
진해세화여자고등학교,경상남도 창원시 진해구 병암북로4번길 41,35.1614104475708,128.69421717403,055-545-3111,650명,0명,650명,http://jhsehwayeo-h.gne.go.kr,상업계  | 일반계 
거제상문고등학교,경상남도 거제시 수양로 29,34.8633930399088,128.646715350706,055-634-2684,1024명,499명,525명,http://gj-sangmoon-h.gne.go.kr,일반계 
합천여자고등학교,경상남도 합천군 합천읍 남정길 25-7,35.5635332170554,128.154572589335,055-933-3366,172명,0명,172명,http://hcyeo-h.gne.go.kr,상업계  | 일반계 
양산남부고등학교,경상남도 양산시 양주로 7,35.3325820118079,129.024748949584,055-382-1061,1010명,482명,528명,http://ysnambu-h.gne.go.kr,일반계 
통영여자고등학교,경상남도 통영시 도리1길 19,34.8401991531275,128.410177021072,055-642-8513,688명,0명,688명,http://tygh-h.gne.go.kr,일반계 
거제공업고등학교,경상남도 거제시 계룡로11길 63,34.8820978317154,128.613894102984,055-630-9000,392명,392명,0명,http://geoje-th-h.gne.go.kr/,공업계 
삼현여자고등학교,경상남도 진주시 돗골로 95,35.1774044091928,128.11204049237,055-752-5410,659명,0명,659명,http://samhyun-h.gne.go.kr,일반계 
창원사파고등학교,경상남도 창원시 성산구 창이대로719번길 26,35.2215869552647,128.704540418351,055-285-9624,574명,271명,303명,http://cwsapa-h.gne.go.kr,일반계 
거창고등학교,경상남도 거창군 거창읍 죽전4길 36,35.6929033122221,127.910693397395,055-944-3751,282명,140명,142명,http://geochang-h.gne.go.kr/,일반계 
경해여자고등학교,경상남도 진주시 남강로 39,35.165171069982,128.041709691013,055-746-4184,691명,0명,691명,http://gyeonghae-h.gne.go.kr,일반계 
삼랑진고등학교,경상남도 밀양시 삼랑진읍 만어로 16,35.4010686823669,128.842859941817,055-353-9701,205명,117명,88명,http://samgo-h.gne.go.kr,일반계 
장유고등학교,경상남도 김해시 월산로 77,35.2020104293439,128.803920376232,055-310-7914,1076명,510명,566명,http://jangyu-h.gne.go.kr,일반계 
남해보물섬고등학교,경상남도 남해군 창선면 서부로 1058-18,34.8979057008021,127.993638099496,055-867-8732,29명,16명,13명,http://bomulseom-h.gne.go.kr/bomulseom-h/main.do,일반계 
거창승강기고등학교,경상남도 거창군 가조면 마상3길 33-20,35.7137373403741,128.015743674428,055-943-4521,78명,68명,10명,http://geochang-elev-h.gne.go.kr/geochang-tech-h/main.do,공업계  | 상업계  | 일반계 
김해여자고등학교,경상남도 김해시 향교길 9,35.2405529050159,128.881033601032,055-310-3500,633명,0명,633명,http://kumbul-h.gne.go.kr,일반계 
명신고등학교,경상남도 진주시 대신로 614,35.2157198462691,128.114396937049,055-753-0011,609명,609명,0명,http://myungshin-h.gne.go.kr,일반계 
진주외국어고등학교,경상남도 진주시 일반성면 동부로 2014-6,35.1696561814851,128.281667952322,055-761-7566,136명,77명,59명,http://jinju-f-h.gne.go.kr,상업계  | 외국어계  | 일반계 
합포고등학교,경상남도 창원시 마산합포구 무학로 458,35.2094121899909,128.5643385877,055-240-4100,469명,325명,144명,http://happo-h.gne.go.kr/,일반계 
창녕옥야고등학교,경상남도 창녕군 이방면 이방로 943-15,35.6005703159319,128.38011991622,055-532-6048,264명,96명,168명,http://ogya-h.gne.go.kr,일반계 
마산제일고등학교,경상남도 창원시 마산회원구 내서읍 함마대로 2610,35.2617842731966,128.505456829439,055-232-3210,678명,678명,0명,http://masanjeil-h.gne.go.kr,일반계 
해성고등학교,경상남도 거제시 두모길 4,34.8706581895504,128.723843213503,055-680-1201,727명,368명,359명,http://haeseong-h.gne.go.kr,일반계 
의령고등학교,경상남도 의령군 의령읍 백산로3길 4,35.3227017364893,128.265590219129,055-573-2383,151명,151명,0명,http://uiryeong-h.gne.go.kr,공업계  | 농업계  | 일반계 
창녕고등학교,경상남도 창녕군 대지면 우포2로 1180-20,35.5441247417273,128.482358427392,055-533-4175,122명,122명,0명,http://changnyeong-h.gne.go.kr,일반계 
창원대암고등학교,경상남도 창원시 성산구 대암로 203,35.2074806828858,128.711602507773,055-213-0500,547명,300명,247명,http://daeam-h.gne.go.kr,일반계 
옥종고등학교,경상남도 하동군 옥종면 옥수로 4-9,35.1781630658276,127.884597199391,055-882-8100,37명,17명,20명,http://okjong-h.gne.go.kr,일반계 
금남고등학교,경상남도 하동군 금남면 섬진강대로 656-8,34.9860206477616,127.839805262762,055-882-1103,131명,70명,61명,http://geumnam-h.gne.go.kr/,일반계 
성지여자고등학교,경상남도 창원시 마산합포구 완월남로 20,35.197939246733,128.559832051422,055-240-8880,512명,0명,512명,http://sungji-h.gne.go.kr/,일반계 
진영제일고등학교,경상남도 김해시 진영읍 진영로265번길 9-4,35.3037314839644,128.743245330565,055-343-5411,208명,81명,127명,http://jyjeil-h.gne.go.kr,가사계  | 공업계  | 농업계  | 상업계 
거창여자고등학교,경상남도 거창군 거창읍 죽전1길 72,35.693011646793,127.909786939337,055-942-3910,258명,0명,258명,http://gcgh-h.gne.go.kr,일반계 
마산삼진고등학교,경상남도 창원시 마산합포구 진동면 삼진의거대로 661-13,35.1186058925822,128.488704531696,055-271-2171,423명,210명,213명,http://samjin-h.gne.go.kr,일반계 
밀양고등학교,경상남도 밀양시 약산로 15,35.4937858569008,128.746783406621,055-353-6743,492명,492명,0명,http://milgo-h.gne.go.kr,일반계 
경상남도 고성고등학교,강원도 고성군 간성읍 수성로 125,38.3782834001836,128.461002867224,033-680-7006,227명,109명,118명,http://goseonggo.gwe.hs.kr,상업계  | 일반계 
태봉고등학교,경상남도 창원시 마산합포구 진동면 태봉1길 85-32,35.1477376249109,128.509813604201,055-271-1370,130명,62명,68명,http://taebong-h.gne.go.kr,일반계 
창원용호고등학교,경상남도 창원시 성산구 용호로 29,35.2340983095277,128.676689060939,055-286-7004,566명,253명,313명,http://cwyongho-h.gne.go.kr,일반계 
고성중앙고등학교,경상남도 고성군 고성읍 남포로 45,34.9678060865735,128.318571463973,055-674-7315,313명,154명,159명,http://kosung-h.gne.go.kr,일반계 
거제옥포고등학교,경상남도 거제시 연초면 국산로 27,34.9054080732463,128.685992495653,055-638-5982,930명,472명,458명,http://okpo-h.gne.go.kr/,일반계 
경남간호고등학교,경상남도 산청군 생비량면 지리산대로4763번길 89-15,35.3580406056735,128.084330738101,055-973-7832,138명,42명,96명,http://kpn-h.gne.go.kr,가사계  | 일반계 
진주고등학교부설방송통신고등학교,경상남도 진주시 의곡길 29,35.2000965354561,128.080235135137,055-746-2613,264명,46명,218명,http://www.cyber.hs.kr,일반계 
곤양고등학교,경상남도 사천시 곤양면 솥골길 120,35.0635785835826,127.961314511887,055-853-0122,34명,20명,14명,http://gonyang-h.gne.go.kr,일반계 
경남산업고등학교,경상남도 거제시 하청면 서리1길 17,34.9534285068774,128.653923345156,055-636-1801,333명,182명,151명,http://gni-h.gne.go.kr,가사계  | 공업계  | 농업계  | 이용미용계  | 일반계 
김해제일고등학교,경상남도 김해시 분성로3번길 105,35.2395584937856,128.853839114441,055-329-6011,534명,280명,254명,http://gimhaejeil-h.gne.go.kr,일반계 
물금고등학교,경상남도 양산시 물금읍 신주1길 20,35.3356821070533,129.01633749355,055-382-1701,1009명,574명,435명,http://mulgeum-h.gne.go.kr/,일반계 
창녕슈퍼텍고등학교,경상남도 창녕군 창녕읍 남창녕로 36,35.5343220553467,128.503453802537,055-532-3252,130명,122명,8명,http://cnsupertech-h.gne.go.kr,공업계  | 농업계 
사천고등학교,경상남도 사천시 사천읍 동문로 95,35.0870270714793,128.095990760682,055-855-1206,557명,261명,296명,http://sacheon-h.gne.go.kr,일반계 
거제여자상업고등학교,경상남도 거제시 거제면 동상3길 21,34.8512195450984,128.594694836378,055-633-0982,139명,0명,139명,http://www.ggch.hs.kr/,상업계 
경남고성음악고등학교,경상남도 고성군 하일면 공룡로 987,34.9442269926026,128.193293874659,055-672-4455,70명,31명,39명,http://gngseumak-h.gne.go.kr,대안  | 일반계 
선명여자고등학교,경상남도 진주시 남강로 51-25,35.1641540225258,128.04208822322,055-747-5490,498명,0명,498명,http://sunmyung-h.gne.go.kr/sunmyung-h/main.do,상업계 
창선고등학교,경상남도 남해군 창선면 창선로 97-12,34.8574955201497,128.012231826952,055-867-1726,140명,84명,56명,http://changseon-h.gne.go.kr,상업계  | 일반계 
경남외국어고등학교,경상남도 양산시 어실로 388,35.3971254153784,129.013424465404,055-383-6601,538명,186명,352명,http://knfl-h.gne.go.kr/,외국어계 
초계고등학교,경상남도 합천군 초계면 초계중앙로 101,35.5583028091217,128.270951643653,055-932-1216,59명,51명,8명,http://chogye-h.gne.go.kr,공업계  | 상업계  | 일반계 
창녕대성고등학교,경상남도 창녕군 대합면 신안길 17,35.601349513552,128.461516288182,055-532-2216,120명,89명,31명,http://cnds-h.gne.go.kr,상업계  | 일반계 
경상남도 명덕고등학교,서울특별시 강서구 강서로47길 34-10,37.5538694849081,126.8339773378,02-2664-8817,743명,743명,0명,http://myungduk.sen.hs.kr,상업계  | 일반계 
사천여자고등학교,경상남도 사천시 사천읍 옥산로 47,35.0804101318269,128.088388800092,055-852-2614,114명,0명,114명,http://scgh-h.gne.go.kr,디자인·문화콘텐츠  | 상업계  | 일반계 
